name,region,address,zip_town,tel,email,website,open,km_from_reykjavik,km_from_seydisfjordur,lat,lon,facilities,maps_url,page
Akranes,West Iceland,Kalmansbraut,300 Akranes,003547902266,camping.akranes23@gmail.com,,5. May –15. September,"48,5",623,64.13365489755928,-22.140720918605457,Tent; Caravan; Toilets; Hot water; Cold water; Electricity; Dryer; Shower; Waste; Mountain view; Hikes; BBQ facilities; Chairs & Tables; Information; Wifi; Dogs on a leash allowed; Open fires forbidden,"https://www.google.com/maps?q=64.13365489755928,-22.140720918605457",https://utilegukortid.is/akranes/?lang=en
Grundarfjörður,West Iceland,Borgarbraut 19,350 Grundarfjörður,003548317242,camping@grundarfjordur.is,grundarfjordur.is,1st of May – 15th of September,178,665,64.92797809976031,-23.25741616306196,Open fires forbidden; Swimming pool; Toilets; Tent; Mountain view; Motorhome waste disposal; Hot water; Cold water; Electricity; Dogs on a leash allowed; Caravan; Waste,"https://www.google.com/maps?q=64.92797809976031,-23.25741616306196",https://utilegukortid.is/grundarfjordur/?lang=en
Tjaldsvæði að Hlöðum,West Iceland,Hlaðir í Hvalfirði,301 Akranes,003544338980,sund@hladirsund.is,hladirsund.is/tjaldsvadi,23. maí – 31. ágúst,64,622,64.4104278,-21.611374299999998,Toilets; Cold water; Playground; Electricity; Shower; Waste; Swimming pool,https://maps.app.goo.gl/J4VSfG27BtPSdPUR8,https://utilegukortid.is/tjaldsvaedi-ad-hlodum/?lang=en
Tjaldsvæðið búðardal,West Iceland,"Vesturbraut, 370 Búðardalur",370 Dalabyggð,003547672100,dalahestar@gmail.com,Dalir | West Iceland,1. maí –30. september,154,561,65.1083021,-21.763641699999997,Tent; Caravan; Toilets; Hot water; Cold water; Electricity; Shower; Waste; Chairs & Tables; Dogs on a leash allowed; Open fires forbidden; Washing machine; Cooking facilities; Restaurant; Playground; BBQ facilities; Horse rental; Motorhome waste disposal,https://maps.app.goo.gl/dwxP529r5RtaL1EA8,https://utilegukortid.is/tjaldsvaedid-budardal/?lang=en
Bolungarvík,Westfjords,"Bolungarvík, by the swimming pool",415 Bolungarvík,003544567381,sundlaug@bolungarvik.is,www.bolungarvik.is/sund,15th of May – 30th September,467,843,66.15511743446704,-23.2559790977661,Tent; Toilets; Cold water; Open fires forbidden; Waste; Sports field; Supermarket; Telephone; Mountain view; Playground; Restaurant; Shower; Swimming pool; Hot tubs; Indoor pool; Motorhome waste disposal; Information; Hospital; Horse rental; Golf; Fishing; Gasoline; Hikes; Horse facilities; Cooking facilities; Changing Station; Dryer; Electricity; Washing machine; Dogs on a leash allowed; Coffee shop; BBQ facilities; Chairs & Tables; Alcohol; Boat rental; ATV Rental,"https://www.google.com/maps?q=66.15511743446704,-23.2559790977661",https://utilegukortid.is/bolungarvik/?lang=en
Drangsnes,Westfjords,Drangsnes,520 Drangsnes,7628455,Baldursamkomuhus@gmail.com,www.facebook.com/tjaldsvaedidadrangsnesi,May 15 – September 15,264,640,65.6903793595349,-21.455449973830845,Tent; Toilets; Hot water; Cold water; Open fires forbidden; Waste; Sports field; Supermarket; Mountain view; Playground; Restaurant; Shower; Swimming pool; Hot tubs; Motorhome waste disposal; Fishing; Hikes; Dryer; Electricity; Washing machine; Coffee shop; Cooking facilities,"https://www.google.com/maps?q=65.6903793595349,-21.455449973830845",https://utilegukortid.is/drangsnes/?lang=en
Grettislaug á Reykhólum,Westfjords,Grettislaug á Reykhólum,380 Reykhólahreppur,003544347738,grettislaug@reykholar.is,www.reykholar.is,1st of June – 30th of September,228,620,65.43799768875664,-22.267897553721504,Tent; Toilets; Hot water; Cold water; Open fires forbidden; Waste; Supermarket; Mountain view; Playground; Restaurant; Shower; Swimming pool; Hot tubs; Hospital; Fishing; Gasoline; Hikes; Electricity; Dogs on a leash allowed; Coffee shop; Chairs & Tables; Alcohol; Motorhome waste disposal,"https://www.google.com/maps?q=65.43799768875664,-22.267897553721504",https://utilegukortid.is/grettislaug-a-reykholum/?lang=en
Patreksfjörður,Westfjords,Aðalstræti 107,450 Patreksfjörður,003544565006,info@vesturbyggd.is,,15 of May – 30th of September,391,783,65.52109328688442,-24.10446569593162,Tent; Toilets; Hot water; Cold water; Open fires forbidden; Waste; Mountain view; Restaurant; Motorhome waste disposal; Gasoline; Hikes; Cooking facilities; Electricity; Washing machine; Dogs on a leash allowed; Coffee shop; BBQ facilities; Chairs & Tables; Wifi; Shower,"https://www.google.com/maps?q=65.52109328688442,-24.10446569593162",https://utilegukortid.is/patreksfjordur/?lang=en
Tungudalur,Westfjords,Tungudalur,400 Ísafirði,003547817585,camping.isafjordur@gmail.com,,10 of June -15th of September,453,829,66.05976837900832,-23.23040019744444,Tent; Toilets; Hot water; Cold water; Open fires forbidden; Wheelchair accessible; Waste; Sports field; Mountain view; Playground; Restaurant; Shower; Motorhome waste disposal; Hospital; Golf; Hikes; Changing Station; Dryer; Electricity; Washing machine; Dogs on a leash allowed; Coffee shop; BBQ facilities; Chairs & Tables; Alcohol,"https://www.google.com/maps?q=66.05976837900832,-23.23040019744444",https://utilegukortid.is/tungudalur/?lang=en
Tálknafjörður,Westfjords,"Strandgötu, Sveinseyri",460 Tálknafjörður,003548239987,camping@talknafjordur.is,www.vesturbyggd.is,1. maí–15. október,404,795,65.62302947660919,-24.134788516380972,Tent; Toilets; Hot water; Cold water; Open fires forbidden; Waste; Mountain view; Restaurant; Motorhome waste disposal; Gasoline; Hikes; Cooking facilities; Electricity; Washing machine; Dogs on a leash allowed; Caravan; BBQ facilities; Chairs & Tables; Wifi,"https://www.google.com/maps?q=65.62302947660919,-24.134788516380972",https://utilegukortid.is/talknafjordur/?lang=en
Bakkafjörður,North Iceland,Skólagata 5,685 Bakkafjörður,003546110345,farnorthiceland@proton.me,www.northeasticeland.com,15. May – 1. Oct,633,184,66.11769059896457,-15.206080302370564,Tent; Toilets; Cold water; Open fires forbidden; Waste; Mountain view; Restaurant; Motorhome waste disposal; Gasoline; Hikes; Electricity; Dogs on a leash allowed; Caravan; BBQ facilities; Chairs & Tables; Alcohol; Sports field; Coffee shop; Shower,"https://www.google.com/maps?q=66.11769059896457,-15.206080302370564",https://utilegukortid.is/bakkafjordur/?lang=en
Húsavík,North Iceland,"Héðinsbraut, 640 Húsavík, Iceland",640 Húsavík,003547920160,camping.husavik@gmail.com,,May 15 – September 15,464,247,66.05175667844647,-17.346502486397384,Toilets; Washing machine; Playground; Golf; Electricity; Swimming pool; Dogs on a leash allowed; Hikes,https://maps.app.goo.gl/Seu5khffo2uKNeyE8,https://utilegukortid.is/husavik/?lang=en
Kópasker,North Iceland,Austurtröð 4,670 Kópasker,4652180,nordurthing@nordurthing.is,nordurthing.is,1st of June – 1st of September,559,244,66.30107920389516,-16.459978281290997,Tent; Toilets; Cold water; Open fires forbidden; Supermarket; Mountain view; Shower; Hospital; Gasoline; Hikes; Electricity; Coffee shop; BBQ facilities; Chairs & Tables,"https://www.google.com/maps?q=66.30107920389516,-16.459978281290997",https://utilegukortid.is/kopasker/?lang=en
Möðrudalur – Fjalladýrð,North Iceland,Möðrudalur,601 Mývatn,003548940758,fjalladyrd@fjalladyrd.is,www.fjalladyrd.is,20th of May – 10th of September,541km,136,65.36815113018771,-15.917689610966315,Tent; Toilets; Cold water; Waste; Supermarket; Mountain view; Playground; Restaurant; Shower; Motorhome waste disposal; Fishing; Gasoline; Hikes; Cooking facilities; Electricity; Dogs on a leash allowed; Coffee shop; BBQ facilities; Chairs & Tables; Alcohol,"https://www.google.com/maps?q=65.36815113018771,-15.917689610966315",https://utilegukortid.is/modrudalur-fjalladyrd/?lang=en
Siglufjörður,North Iceland,Gránugata,580 Siglufjörður,003548880349,evanger@evanger.is,www.fjallabyggd.is,15th of May – 15th of October (depends on weather),386,351,66.14959256499083,-18.91268223524091,Tent; Toilets; Hot water; Cold water; Open fires forbidden; Wheelchair accessible; Waste; Sports field; Supermarket; Mountain view; Playground; Restaurant; Shower; Hot tubs; Indoor pool; Motorhome waste disposal; Hospital; Golf; Fishing; Gasoline; Hikes; Dryer; Electricity; Washing machine; Dogs on a leash allowed; Coffee shop; Chairs & Tables; Alcohol,"https://www.google.com/maps?q=66.14959256499083,-18.91268223524091",https://utilegukortid.is/siglufjordur/?lang=en
Skagaströnd,North Iceland,Hólabraut 35,545 Skagaströnd,003547760040,skagastrond.camping@gmail.com,https://www.skagastrond.is/is/thjonusta/tjaldsvaedi,1. may – 15. september,266,436,65.82919050306651,-20.314719506707902,Tent; Toilets; Hot water; Cold water; Open fires forbidden; Waste; Sports field; Supermarket; Mountain view; Playground; Restaurant; Shower; Swimming pool; Motorhome waste disposal; Golf; Fishing; Gasoline; Hikes; Horse facilities; Cooking facilities; Dryer; Electricity; Washing machine; Dogs on a leash allowed; Coffee shop; Chairs & Tables; Alcohol,"https://www.google.com/maps?q=65.82919050306651,-20.314719506707902",https://utilegukortid.is/skagastrond/?lang=en
Tjaldsvæði Kiðagils,North Iceland,"Kiðagil, Bárðardal",641 Húsavík,003544643290,kidagil@kidagil.is,www.kidagil.is,June 1 – September 15,456,263,65.47981774988817,-17.109294787859586,Toilets; Cold water; Playground; Electricity; Waste; Restaurant; Alcohol; Chairs & Tables,https://maps.app.goo.gl/2Qj882JMbTpXis4j9,https://utilegukortid.is/tjaldsvaedi-kidagils/?lang=en
Ólafsfjörður,North Iceland,Ólafsvegi 4,625 Ólafsfirði,8670251,gudlaugur@keyrum.is,https://www.facebook.com/campingolafsfjordur,15th of May–15th of October,178,665,66.08002708834329,-18.724834157648345,Tent; Toilets; Hot water; Cold water; Open fires forbidden; Waste; Sports field; Supermarket; Mountain view; Restaurant; Shower; Swimming pool; Motorhome waste disposal; Hospital; Golf; Fishing; Hikes; Dryer; Electricity; Washing machine; Dogs on a leash allowed; Coffee shop; Chairs & Tables,"https://www.google.com/maps?q=66.08002708834329,-18.724834157648345",https://utilegukortid.is/olafsfjordur/?lang=en
Þórshöfn,North Iceland,við Miðholt,,003544681515, thjonustumidstod@langanesbyggd.is,www.langanesbyggd.is,1st of June – 31st of August,621,224,66.19742199576915,-15.335082178090646,Tent; Toilets; Cold water; Open fires forbidden; Waste; Sports field; Supermarket; Mountain view; Restaurant; Shower; Hot tubs; Indoor pool; Motorhome waste disposal; Hospital; Fishing; Gasoline; Hikes; Dryer; Electricity; Washing machine; Dogs on a leash allowed; Coffee shop; Chairs & Tables; Alcohol,"https://www.google.com/maps?q=66.19742199576915,-15.335082178090646",https://utilegukortid.is/thorshofn/?lang=en
Seyðisfjörður,East Iceland,Ránargata 1,710 Seyðisfjörður,7920070,camping.seydisfjordur@gmail.com,www.visitseydisfjordur.com,April 1st – October 31.,662km,0,65.26221137499434,-14.015915742298453,Tent; Toilets; Hot water; Cold water; Open fires forbidden; Waste; Sports field; Supermarket; Mountain view; Playground; Restaurant; Shower; Indoor pool; Motorhome waste disposal; Hospital; Golf; Fishing; Gasoline; Hikes; Dryer; Electricity; Washing machine; Coffee shop; BBQ facilities; Chairs & Tables; Alcohol,"https://www.google.com/maps?q=65.26221137499434,-14.015915742298453",https://utilegukortid.is/seydisfjordur/?lang=en
Studlagil Canyon,East Iceland,"við Grund Jökuldal, eða Stuðlagil Canyon",,00354866 0046,studlagilcanyon@gmail.com,www.studlagil.is,May 1 – September 30,601,70,65.1650833,-15.3153318,Tent; Toilets; Cold water; Waste; Mountain view; Hikes; Chairs & Tables; Open fires forbidden; Hot water; Motorhome waste disposal; Shower,https://maps.app.goo.gl/BYF6p8BCaKo85fPb8,https://utilegukortid.is/studlagil-canyon/?lang=en
Svartiskógur,East Iceland,Hó,701 Egilsstaðir,003544711030,info@northeasticeland.com,www.svartiskogur.is,16. May – 12. sept,618,60,65.51396380157529,-14.566936022332827,Chairs & Tables; Hot water; Cold water; Shower; Toilets; Waste,"https://www.google.com/maps?q=65.51396380157529,-14.566936022332827",https://utilegukortid.is/svartiskogur/?lang=en
Tjaldvæðið Bragðavöllum,East Iceland,Bragðavellir,766 Djúpavogur,003548661735,camping@bragdavellir.is,,1. May – 15. September,541,122,64.64405119999999,-14.5165811,Chairs & Tables; Hot water; Cold water; Shower; Toilets; Waste,https://maps.app.goo.gl/Uevw9jZx1fMAbuLV7,https://utilegukortid.is/tjaldvaedid-bragdavollum/?lang=en
At Faxi,South Iceland,Biskupstungnabraut,806 Selfoss,003547747440,vidfaxa@gmail.com,facebook.com/vidfaxa/,20. maí –30. september,105,633,64.22640538363135,-20.339620883401828,Tent; Caravan; Toilets; Hot water; Cold water; Waste; Hikes; Dogs on a leash allowed; Electricity; Open fires forbidden; Motorhome waste disposal; Shower,"https://www.google.com/maps?q=64.22640538363135,-20.339620883401828",https://utilegukortid.is/at-faxi/?lang=en
Kleifarmörk,South Iceland,Kleifar-Mörk,,4874675 / 8617546 / 8637546,kleifar68@simnet.is,,1st of June – 31st of August,259,404,63.627326008145246,-19.06290584094458,Tent; Toilets; Cold water; Open fires forbidden; Waste; Sports field; Swimming pool; Supermarket; Restaurant; Golf; Gasoline; Hikes; Dogs on a leash allowed; Coffee shop; Chairs & Tables,"https://www.google.com/maps?q=63.627326008145246,-19.06290584094458",https://utilegukortid.is/kleifarmork/?lang=en
Laugarvatn,South Iceland,"Dalbraut, 806",840 Laugarvatn,003548888890,vinarstraeti840@gmail.com,www.vinarstraeti.is,1. June–1. October,78,641,64.222074,-20.7330947,Tent; Toilets; Hot water; Cold water; Waste; Mountain view; Restaurant; Information; Gasoline; Hikes; Wheelchair accessible; Electricity; Dogs on a leash allowed; Caravan; BBQ facilities; Chairs & Tables; Shower; Swimming pool; Horse rental; Golf; Alcohol; Boat rental; Playground; Coffee shop; Supermarket; Fishing,https://maps.app.goo.gl/Q3fqakHY5SbLpBGXA,https://utilegukortid.is/laugarvatn/?lang=en
Sandgerði,South Iceland,Byggðavegi,,003548548424,info@airportcamping.is,www.airportcamping.is,all year round,56,710,64.03933993354691,-22.69984768311349,Tent; Toilets; Hot water; Cold water; Open fires forbidden; Waste; Sports field; Supermarket; Mountain view; Restaurant; Shower; Swimming pool; Hot tubs; Motorhome waste disposal; Golf; Fishing; Gasoline; Hikes; Dryer; Electricity; Washing machine; Dogs on a leash allowed; Coffee shop; Chairs & Tables; Alcohol,"https://www.google.com/maps?q=64.03933993354691,-22.69984768311349",https://utilegukortid.is/sandgerdi/?lang=en
Skjól,South Iceland,Kjóastaðir,801 Geysir,003548994541,info@skjolcenter.is,skjolcenter.is,May 21 – September 10,110,647,64.32566509677304,-20.418212211796355,Tent; Toilets; Hot water; Cold water; Open fires forbidden; Wheelchair accessible; Waste; Wifi; Sports field; Mountain view; Playground; Restaurant; Shower; Hot tubs; Indoor pool; Information; Hospital; Horse rental; Golf; Gasoline; Hikes; Electricity; Dogs on a leash allowed; Coffee shop; BBQ facilities; Chairs & Tables; Alcohol,"https://www.google.com/maps?q=64.32566509677304,-20.418212211796355",https://utilegukortid.is/skjol/?lang=en
Stokkseyri,South Iceland,Sólvellir,825 Stokkseyri,003548962144,camping.stokkseyri@gmail.com,Instagram og www.stokkseyri.is,May 1 – September 15,66,617,63.83593472270197,-21.088325422409454,Tent; Toilets; Hot water; Cold water; Wheelchair accessible; Waste; Sports field; Playground; Shower; Swimming pool; Motorhome waste disposal; Hikes; Electricity; Washing machine; Dogs on a leash allowed; Coffee shop; BBQ facilities,"https://www.google.com/maps?q=63.83593472270197,-21.088325422409454",https://utilegukortid.is/stokkseyri/?lang=en
Þorlákshöfn,South Iceland,Skálholtsbraut (við kirkjuna),,003548882021,camping.thorlakshofn@gmail.com,www . olfus.is facebook,,54,631,63.852009349461184,-21.391515476888365,Tent; Toilets; Hot water; Cold water; Open fires forbidden; Waste; Sports field; Supermarket; Mountain view; Playground; Restaurant; Swimming pool; Motorhome waste disposal; Hospital; Golf; Fishing; Gasoline; Hikes; Electricity; Dogs on a leash allowed; Coffee shop; BBQ facilities; Chairs & Tables; Alcohol,"https://www.google.com/maps?q=63.852009349461184,-21.391515476888365",https://utilegukortid.is/thorlakshofn/?lang=en
