category,name,lat,lon
Cultural Centres & Museums,Akureyri Museum,65.6666472,-18.0862578
Cultural Centres & Museums,Arctic Fox Centre,66.03049,-22.9916969999999
Cultural Centres & Museums,Fræðasetrið Nature Center,64.0411791,-22.712624
Cultural Centres & Museums,Harpa Concert Hall and Conference Centre,64.1503366,-21.9327021
Cultural Centres & Museums,Icelandic Phallological Museum,64.1430334,-21.9156432
Cultural Centres & Museums,Icelandic Seal Center,65.3956467,-20.9486103
Cultural Centres & Museums,Icelandic Wonders,63.836606,-21.0640559999999
Cultural Centres & Museums,Museum of Icelandic Sorcery and Witchcraft,65.7065374,-21.6656455
Cultural Centres & Museums,Neskaupstaður's Museum House,65.1472782,-13.6886268
Cultural Centres & Museums,Petra's Stone Collection,64.8354696,-13.8805212
Cultural Centres & Museums,The Icelandic Sea Monster Museum,65.6866671,-23.5976886999999
Cultural Centres & Museums,Samuel's Sculptures,65.7774894444444,-24.0037294444444
Cultural Centres & Museums,Seyðisfjörður Local Crafts Market,65.2612551,-14.0029013
Cultural Centres & Museums,Skaftfell - Center for Visual Art,65.261529,-13.9986397
Cultural Centres & Museums,The Exploration Museum,66.047844,-17.3443520000001
Cultural Centres & Museums,Bobby Fischer Center,63.9375099,-20.9964163
Cultural Centres & Museums,Ljósafossstöð,64.0945201,-21.0102367
Cultural Centres & Museums,Sagnagarður,63.8639504,-20.2174633
Cultural Centres & Museums,LAVA Centre,63.7531739,-20.2362726
Cultural Centres & Museums,Skógar Folk Museum,63.5261584,-19.4929862
Cultural Centres & Museums,The Thórbergur Center,64.1297088,-16.0186672
Cultural Centres & Museums,Gamlabúð Visitor Center / Vatnajökull National Park,64.2504123,-15.2038549
Cultural Centres & Museums,Skriduklaustur,65.041417,-14.9532721
Cultural Centres & Museums,East Iceland Heritage Museum,65.262566,-14.396389
Cultural Centres & Museums,Icelandic Wartime Museum (Íslenska stríðsárasafnið),65.03816,-14.2087463
Cultural Centres & Museums,Tækniminjasafn,65.2651211,-13.9921148999999
Cultural Centres & Museums,Vopnafjörður,65.7549521,-14.8271966
Cultural Centres & Museums,Sigurgeir's Bird Museum,65.628827,-16.9950577
Cultural Centres & Museums,Laufás Museum,65.8941789,-18.0724454
Cultural Centres & Museums,Safnasafnið,65.7492851,-18.0750249
Cultural Centres & Museums,INTO THE ARCTIC,65.6856353,-18.079432
Cultural Centres & Museums,Aviation Museum,65.6511593,-18.0751718
Cultural Centres & Museums,Motorcycle Museum of Iceland,65.6612636,-18.0803469
Cultural Centres & Museums,Listasafnið á Akureyri / Akureyri Art Museum,65.6803122,-18.0919291
Cultural Centres & Museums,Síldarminjasafn Íslands - The Herring Era Museum,66.146992,-18.913227
Cultural Centres & Museums,Minjahús,65.7510859,-19.6497067
Cultural Centres & Museums,Skagafjörður,65.746111,-19.639444
Cultural Centres & Museums,Museum of Prophecies,65.822295,-20.3041859
Cultural Centres & Museums,Snorrastofa,64.665034,-21.291099
Cultural Centres & Museums,The Settlement Center,64.535658,-21.9235610000001
Cultural Centres & Museums,Akranes Folk Museum,64.3198875,-22.0450787
Cultural Centres & Museums,Ásmundarsafn,64.1416311,-21.885167
Caves,Búri Cave,63.8237015,-22.6714897
Caves,Efra-Hvolshellar,63.7609588888889,-20.1631744444444
Caves,Gjabakkahellir,64.2556601,-21.1300349
Caves,Leidarendi,64.0032121,-21.7951584
Caves,Lofthellir,65.5552101,-16.7225218
Caves,Maríuhellar,64.0716883,-21.892544
Caves,Páskahellir,65.150935,-13.6554265
Caves,Songhellir,64.781545,-23.678349
Caves,Surtshellir,64.7815135,-20.7238197
Caves,Thrihnukagigur volcano,63.998462,-21.6989636
Caves,Vatnshellir,64.7477222,-23.8178712
Caves,Vidgelmir,64.7503094,-20.8019075
Caves,Raufarholshellir,63.940638,-21.397071
Game of Thrones filming locations,Mývatn,65.60386,-16.996106
Game of Thrones filming locations,Góðafoss Waterfall,65.682995,-17.550823
Game of Thrones filming locations,Snæfellsjökull,64.805702,-23.773097
Game of Thrones filming locations,Svínafellsjökull,64.018592,-16.821478
Game of Thrones filming locations,Höfðabrekkuheiði,63.506963,-18.903093
Game of Thrones filming locations,Grjótagjá cave,65.626145,-16.860559
Game of Thrones filming locations,Gate of the Eyrie,64.27043,-21.11065
Hikes / Places to Hike,Almenningur,64.0054744444444,-22.0528791666667
Hikes / Places to Hike,Ásbyrgi Canyon,66.0180879,-16.5056276
Hikes / Places to Hike,Arnarsetur,63.9055738888889,-22.4105736111111
Hikes / Places to Hike,Dimmuborgir,65.5860387,-16.9143105
Hikes / Places to Hike,"Einbúi, Jafnadal Valley",64.8759171,-14.004693
Hikes / Places to Hike,Eldgjá Canyon,63.8949963888889,-18.7538680555556
Hikes / Places to Hike,Fimmvörðuháls pass,63.6220102777778,-19.4307155555556
Hikes / Places to Hike,Fjaðrárgljúfur,63.771279,-18.1718159
Hikes / Places to Hike,Gerpir Area,65.0646759,-13.7075044
Hikes / Places to Hike,Gerpisvatn,65.061999,-13.5536957
Hikes / Places to Hike,Glymur hike,64.3844921,-21.2883533
Hikes / Places to Hike,Grænafell Mountain,65.0413268,-14.3312359
Hikes / Places to Hike,Grákinn,64.4733333,-14.93
Hikes / Places to Hike,Herdubreid,65.1752475,-16.3407898
Hikes / Places to Hike,Holmanes Nature Reserve,65.0444074,-14.0072582
Hikes / Places to Hike,Keilir,63.9408127777778,-22.1674975
Hikes / Places to Hike,Kjarnaskógur,65.6419299,-18.0981025
Hikes / Places to Hike,Kolugljúfur,65.3324782,-20.5698988
Hikes / Places to Hike,Landmannalaugar,63.9923082,-19.0596402
Hikes / Places to Hike,Mt. Fagradalsfjall,63.8975586111111,-22.2868713888889
Hikes / Places to Hike,Mt. Thorbjorn,63.8652225,-22.4369158333334
Hikes / Places to Hike,Neskaupstaðar Nature Reserve,65.149907,-13.6593854
Hikes / Places to Hike,Sandfell Mountain,66.1195732,-16.3962841
Hikes / Places to Hike,Saxhóll,64.8516187,-23.9265535
Hikes / Places to Hike,"Skaftafell Visitor Centre, Vatnajökull National Park",63.9952551,-16.9709814
Hikes / Places to Hike,Spákonufell,65.8454775,-20.2426052777778
Hikes / Places to Hike,Sogin,63.9315280555556,-22.1011886111112
Hikes / Places to Hike,Stakkholtsgjá,63.6749349,-19.5575523
Hikes / Places to Hike,Stórurð,65.5144266666667,-13.9906375
Hikes / Places to Hike,Þórsmörk,63.7026554,-19.4271489
Hikes / Places to Hike,The Stone Arch,64.8548461,-13.965683
Hikes / Places to Hike,Valagil Ravine,65.9671563,-23.0855799
Hikes / Places to Hike,Nauthúsagil Ravine,63.6677402,-19.8534107
Hikes / Places to Hike,Bolafjall,66.1707769,-23.2834625
Hikes / Places to Hike,Hornstrandir Nature Reserve,66.3818067,-22.690337
Hikes / Places to Hike,Strandir,65.859444,-21.293056
Hikes / Places to Hike,Snæfellsjökull,64.8057023,-23.7730966
Hikes / Places to Hike,Rauðfeldsgjá Gorge,64.7992305,-23.6468194
Hikes / Places to Hike,Rauðhólar,64.0955556,-21.7516667
Hikes / Places to Hike,Askja,65.0121558,-16.7486572
Hikes / Places to Hike,Seljalandsdalur,66.07,-23.2413889
Hikes / Places to Hike,Laugavegur trail,,
Hikes / Places to Hike,Fimmvörðuháls trail,,
Hikes / Places to Hike,Seltjarnarnes,64.1576706,-22.0178032
Hikes / Places to Hike,Úlfarsfell,64.1468437,-21.7105051
Hikes / Places to Hike,Videy,64.164301,-21.8529023
Hot springs,Blue Lagoon,63.8801127,-22.4493492
Hot springs,Drangsnes,65.6910487,-21.4427376
Hot springs,Gudrunarlaug Natural Pool,65.2460168,-21.8040418
Hot springs,Hotel Heydalur,65.8439566,-22.6800456
Hot springs,Laugarvatn Fontana,64.2147063,-20.730172
Hot springs,Myvatn Nature Baths,65.6309287,-16.8479559
Hot springs,Nauthólsvík Geothermal Beach,64.1212623,-21.9301271
Hot springs,Reykjafjörður  Hot Pool,66.2546944444444,-22.0862777777778
Hot springs,Seljavallalaug,63.5659877,-19.6086192
Hot springs,Secret Lagoon,64.1378883,-20.3098637
Hot springs,Reykhólar seaweed baths,65.4500958,-22.2038841
Hot springs,Krossneslaug,66.0562592,-21.5085268
Hot springs,Valley of Reykjadalur,64.0320968,-21.2155828
Hot springs,Birkimelur Swimming Pool,65.519615,-23.4053381
Hot springs,Hotel Reykjanes,65.9273985,-22.4278163
Hot springs,Geothermal pool in Hofsós,65.8957829,-19.410865
Hot springs,Landmannalaugar,63.983,-19.067
Hot springs,Kvika footbath,64.1623833,-22.0082667
Hot springs,Point 19,64.1649896,-22.0220005
Points of Interest,Arnarstapi,64.7691204,-23.6258982
Points of Interest,Borgarfjörður Eystri,65.5265799,-13.8182044
Points of Interest,Borgarvirki,65.4750161111111,-20.5951830555556
Points of Interest,Bridge America - Europe,63.8683301,-22.6755023
Points of Interest,Brimketill,63.8179836111111,-22.5989097222223
Points of Interest,Brúarhlöð,64.3013756,-20.1552772
Points of Interest,Búðir church,64.8231996,-23.3846139
Points of Interest,Dalatangi,65.2701748,-13.5756683
Points of Interest,DC3 Plane Crash,63.4590915,-19.3646824
Points of Interest,Diamond Beach,64.0427623,-16.1814722
Points of Interest,Djúpalónssandur,64.7503634,-23.9148746
Points of Interest,Dverghamrar,63.8490011111111,-17.861471388889
Points of Interest,Dyrhólaey,63.4030714,-19.1155243
Points of Interest,Dyrhólaey lighthouse,63.3997473,-19.1259956
Points of Interest,Drykkjarsteinn,63.8544602777778,-22.2964041666667
Points of Interest,Efstidalur II,64.2424477,-20.5516435
Points of Interest,Eldborg Crater,64.796211,-22.3211291
Points of Interest,Eldvörp,63.8564044444444,-22.5385497222222
Points of Interest,Eldvorp Ruins,63.8401591666667,-22.5495322222223
Points of Interest,Eyjafjallajökull volcano-glacier,63.6314128,-19.6083216
Points of Interest,Festarfjall,63.8600575,-22.3351205555556
Points of Interest,Friðheimar,64.1783626,-20.4478078
Points of Interest,Garður lighthouse,64.0823304,-22.6903725
Points of Interest,Gerduberg Cliffs,64.8512801,-22.3704018
Points of Interest,Geothermal park Hverasvæðið,64.0010205,-21.1871983
Points of Interest,Great Geysir,64.3138792,-20.2995425
Points of Interest,Gunnuhver,63.8198611111111,-22.6873952777778
Points of Interest,Grænavatn,63.8846919444444,-22.0544883333333
Points of Interest,Grjótagjá,65.6264333333333,-16.8824833333333
Points of Interest,Grótta Island Lighthouse,64.1649896,-22.0220005
Points of Interest,Hafnarberg Sea Cliffs,63.8813372222222,-22.7362247222222
Points of Interest,Hallgrimskirkja,64.1417149,-21.9266371
Points of Interest,Hellisheidi Power Plant,64.0370884,-21.4011955
Points of Interest,Hellissandur,64.9162886,-23.8756753
Points of Interest,The Highlands,64.7788071,-18.5009766
Points of Interest,Hofskirkja,63.9069658,-16.7069467
Points of Interest,Hot-dog stand,64.1482404,-21.9378297
Points of Interest,Hverír,65.6409337,-16.8093395
Points of Interest,Hveravellir Geothermal Area,64.8672463,-19.5500043
Points of Interest,Hvitserkur,65.6063129,-20.6352359
Points of Interest,Hjörleifshöfði,63.4203363888889,-18.7494452777778
Points of Interest,Hoffell Glacier,64.4061346,-15.4069519
Points of Interest,Hvítanes seal colony,66.0028558,-22.7890777
Points of Interest,Jökulsárlón Glacial Lagoon,64.0504301,-16.1907589
Points of Interest,Katlahraun Lava Fields,63.8400488888889,-22.245138888889
Points of Interest,Kerið,64.0412777,-20.8851385
Points of Interest,Kirkjufell,64.9416667,-23.3069444
Points of Interest,Kirkjugólf,63.7953654,-18.0463781
Points of Interest,Kleifarvatn,63.9257301,-21.9715926
Points of Interest,Krafla Power Plant,65.7031739,-16.7751788
Points of Interest,Langjökull Glacier,64.6561868,-20.1531476
Points of Interest,Látrabjarg,65.5025457,-24.5324707
Points of Interest,Lögberg,64.2597454,-21.1223641
Points of Interest,Londrangar Basalt Cliffs,64.7354463,-23.7756157
Points of Interest,Mt. Hekla,63.9922607,-19.6658149
Points of Interest,Mýrdalsjökull Glacier,63.6449015,-19.0355297
Points of Interest,Mývatn,65.60386,-16.9961055
Points of Interest,Nesjavallavirkjun,64.1082283,-21.2571287000001
Points of Interest,Olkelda Mineral Spring,64.8364554,-22.9756123
Points of Interest,Point Asknes,65.1975081,-13.8830709
Points of Interest,Raudamelsolkeda Mineral Spring,64.895584,-22.338753
Points of Interest,Reykjanesviti,63.8136435,-22.7147152
Points of Interest,Reynisfjara Beach,63.402399,-19.0397357
Points of Interest,Saxa Sea Geysir,64.8266168,-13.8247973
Points of Interest,Selatangar,63.8380195,-22.2407055
Points of Interest,Seltún Geothermal Area,63.8957411,-22.051772
Points of Interest,Skálholt Cathedral,64.1252892,-20.524435
Points of Interest,Slakki,64.115743,-20.5034389
Points of Interest,Sólfarið (Sun Voyager),64.14761,-21.9222878
Points of Interest,Sólheimar Ecovillage,64.0656168,-20.6418696
Points of Interest,Strokkur Geyser,64.3130512,-20.3005275
Points of Interest,Strandarkirkja,63.8357725,-21.7046607
Points of Interest,Stokksnes and Vestrahorn,64.2440726,-14.964838
Points of Interest,Stóri-Karl,66.3859018,-14.8569906
Points of Interest,Ströndin Vestan Grindavíkur,63.8273569444444,-22.4675386111111
Points of Interest,Svörtuloft Lighthouse,64.8637136,-24.039071
Points of Interest,Rauðisandur Beach,65.4750808,-23.9916096
Points of Interest,Valahnúkamöl,63.8125011,-22.7156221
Points of Interest,Vatnsdalshólar,65.4963458333333,-20.3790361111111
Points of Interest,Westmann islands,63.4308602,-20.2684021
Points of Interest,Álfaskeid,64.088107,-20.430536
Points of Interest,Árnes,64.041589,-20.250341
Points of Interest,Akranes,64.326068,-22.067509
Points of Interest,Bolungarvík,66.155012,-23.253357
Points of Interest,Brautarholt / South Central,64.022107,-20.52197
Points of Interest,Drangsnes,65.69149,-21.436966
Points of Interest,Eldborg,64.818789,-22.415972
Points of Interest,Eskifjörður,65.078627,-14.031816
Points of Interest,Fáskrúðsfjörður,64.936589,-14.03585
Points of Interest,Fjalladýrð,65.331454,-15.683702
Points of Interest,Flókalundur,65.577382,-23.172655
Points of Interest,Grettislaug,65.44628,-22.20206
Points of Interest,Grindavík,63.843907,-22.420148
Points of Interest,Heiðarbær,65.88842,-17.320848
Points of Interest,Hellissandur,64.912572,-23.889084
Points of Interest,Húsabakki,65.923902,-18.568729
Points of Interest,Hvammstangi,65.402297,-20.9295
Points of Interest,Kleifarmörk,63.798445,-18.054013
Points of Interest,Langbrók,63.750325,-20.20949
Points of Interest,Laugar,65.24634,-21.803827
Points of Interest,Lónsá,65.7012,-18.153609
Points of Interest,Nordfjödur,65.150948,-13.67918
Points of Interest,Olafsvík,64.88927,-23.687725
Points of Interest,Ólafsfjarðar,66.071186,-18.648932
Points of Interest,Reyðarfjörður,65.034372,-14.241071
Points of Interest,Sangerdi,64.036797,-22.687433
Points of Interest,Sauðárkrókur,65.748881,-19.647642
Points of Interest,Seyðisfjörður,65.259906,-14.012514
Points of Interest,Siglufjördur,66.149516,-18.90878
Points of Interest,Skagaströnd,65.825203,-20.295203
Points of Interest,Skjól,64.311181,-20.233834
Points of Interest,Stöðvarfjörður,64.832836,-13.861646
Points of Interest,Stokkseyri,63.835512,-21.055899
Points of Interest,Tálkanfjördur,65.626475,-23.829538
Points of Interest,Tungudalur,66.0633125,-23.1837276
Points of Interest,Þingeyri,65.879855,-23.495464
Points of Interest,T-bær,63.832221,-21.688192
Points of Interest,Þorlákshöfn,63.852964,-21.384426
Points of Interest,Þórshöfn,66.20072,-15.337536
Points of Interest,Varmaland,64.689209,-21.59292
Points of Interest,Vík Í Myrdal,63.419283,-18.995619
Points of Interest,Akureyri,65.6884921,-18.1261694
Points of Interest,Dalvik,65.9707003,-18.5326926
Points of Interest,Gardur,64.0647084,-22.6380944
Points of Interest,Grundarfjörður,64.9246686,-23.260406
Points of Interest,Hellnar,64.745796,-23.67584
Points of Interest,Höfn,64.2497026,-15.2020077
Points of Interest,Ísafjörður,66.0613151,-23.1789034
Points of Interest,Kirkjubæjarklaustur,63.7800741,-18.0897540999999
Points of Interest,Ólafsvík,64.8960485,-23.7060262
Points of Interest,Seydisfjordur,65.2598494,-14.0101156
Points of Interest,Stykkishólmur,65.0728985,-22.7357311
Points of Interest,Vík,63.4186315,-19.0060479
Points of Interest,Old Akranes Lighthouse,64.3077599,-22.0954361
Points of Interest,Akranes,64.3219244,-22.0702847
Waterfalls,Aldeyjarfoss,65.3664613,-17.3369408
Waterfalls,Dettifoss,65.8146662,-16.384576
Waterfalls,Dynjandi,65.7328135,-23.199842
Waterfalls,Dynkur in Thjorsa,64.3379416666667,-19.1955361111111
Waterfalls,Fardagafoss,65.2649172,-14.3808291
Waterfalls,Foss á Sídu,63.8537014,-17.8720844
Waterfalls,Góðafoss,65.6829947,-17.5508227
Waterfalls,Gullfoss,64.3273726,-20.1213527
Waterfalls,Gilsárfoss,64.9234144,-13.9649963
Waterfalls,Gluggafoss (also called Merkjárfoss),63.7210255,-19.8937155
Waterfalls,Gljúfrafoss,63.6212538,-19.988122
Waterfalls,Háifoss and Granni,64.0213359,-20.2555057
Waterfalls,"Hengifoss, Litlanessfoss",65.095551,-14.8904719
Waterfalls,Hjalparfoss,64.1161693,-19.8512381
Waterfalls,Hraunfossar & Barnafoss,64.702214,-20.9775996
Waterfalls,Kirkjufellsfoss,64.9261558,-23.3114014
Waterfalls,Klifbrekkufossar,65.179462,-14.0812959
Waterfalls,Ófærufoss,63.9647891666667,-18.6178319444444
Waterfalls,Öxarárfoss,64.2659199,-21.1182976
Waterfalls,Seljalandsfoss,63.6154882,-19.9883253
Waterfalls,Skógafoss,63.5320952,-19.5116355
Waterfalls,Svartifoss waterfall (Parking),64.026412,-16.9767051
Waterfalls,Systrafoss,63.7875323,-18.0595936
Waterfalls,Urridafoss,63.9246142,-20.6721926
Waterfalls,Glymur,64.3916755,-21.2505702999999
Waterfalls,Kvarnarhólsárfoss,63.528779,-19.481304
Waterfalls,Stjórnarfoss,63.799752,-18.0613013
Waterfalls,Haifoss Waterfall,64.2078881,-19.6868531
The Ring Road,The Ring Road,,
The Ring Road,Hvalfjörður Tunnel,64.3019473,-21.8631227
The Ultimate Golden Circle Route,Golden Circle Route,,
The Ultimate Golden Circle Route,Gullfoss,64.325864,-20.126588
The Ultimate Golden Circle Route,Geysir Geothermal Area,64.279147,-20.358267
The Ultimate Golden Circle Route,Þingvellir National Park,64.2571245,-21.1307055
Tours and activities,Whales in North Iceland -  Húsavík,66.3691793,-17.5452818
Tours and activities,Whales around Reykjavík,64.3993115,-23.0273437
Tours and activities,Whales in North Iceland - Dalvík,66.1232928,-18.4555837
Tours and activities,Whales around Snæfellsnes,65.1884871,-23.5100316
Tours and activities,Whales around the Westfjords - Hólmavík,65.6608416,-21.3227216
Tours and activities,Svínafellsjökull Glacier Hike,64.0185923,-16.8214782
Tours and activities,Falljökull Glacier Hike,63.9763889,-16.7700001
Tours and activities,Skaftafell Glacier Hike,64.070414,-16.9751755
Tours and activities,Sólheimajökull glacier hike,63.5569444,-19.3027778
Tours and activities,Snowmobile on Langjokull - From Gullfoss Cafe,64.325547,-20.129534
Tours and activities,Snowmobiling on Langjökull glacier,64.6507839,-20.5826515
Tours and activities,Katla volcano ice cave,63.6467299,-19.1302847
Tours and activities,Langjökull ice cave,64.655011,-20.2437849
Tours and activities,Vatnajökull crystal ice caves,64.2756153,-16.4739064
Tours and activities,Boat tour on Jökulsárlón glacier lagoon,64.0804542,-16.2298968
Tours and activities,Puffins on Ingólfshöfði,63.8,-16.64
Tours and activities,Puffins around Reykjavík,64.1756605,-21.9510269
Tours and activities,Puffins in the Westman islands,63.4222595,-20.2752686
Tours and activities,Snorkeling and diving at Silfra,64.2552927,-21.1168267
Tours and activities,Ocean dive,64.1112018,-22.60849
Tours and activities,River rafting from Drumbo,64.2288728,-20.2858058
Tours and activities,Kjölur route horse riding,65.0360925,-19.5837446
Tours and activities,Golden Circle horse riding,64.2451915,-20.400238
Tours and activities,Snæfellsnes horse riding,64.8827619,-23.2388255
Tours and activities,Highlands horse riding,63.9180583,-19.3881226
Tours and activities,North Iceland horse riding,65.5294645,-19.3826294
Tours and activities,Reykjavík horse riding,64.0454665,-21.9115448
Tours and activities,Kayaking at Heinagerg glacier lagoon,64.2979511,-15.6702805
Tours and activities,Kayaking at Jökulsárlón glacier lagoon,64.0685966,-16.2204552
Tours and activities,Kayaking near Ísafjörður,66.0627722,-23.1517982
Tours and activities,Cycling near Ísafjörður,66.054622,-23.1801224
Tours and activities,ATV adventures near Reykjavík,64.136188,-21.7252174
Tours and activities,ATV adventures near Bláfjöll,63.9770155,-21.6037562
Tours and activities,Buggy Adventures near Reykjavík,64.1347942,-21.7554797
Tours and activities,Geothermal dive on West Iceland,63.9201714,-21.9829559
Tours and activities,Geothermal dive in North Iceland,65.7114277,-18.0951691
